CDK码,奖励类型,金币数量,元宝数量,物品名字,物品数量,是否绑定,已使用,充值价值
50-1VA11N0R1LU87BZ4L8RM6VEN6T70ZL,元宝,0,10000,,1,False,True,50
50-K6E2WGP15082S013YCIE8329078542,元宝,0,10000,,1,False,False,50
50-Z5WL541D471817D0N8G3F13H2J4W9E,元宝,0,10000,,1,False,False,50
50-2C6Z06H3L613KXUAGLJ7909HOK2849,元宝,0,10000,,1,False,False,50
50-X4L98PCY50SCPEQVQVB28W7F94192I,元宝,0,10000,,1,False,False,50
50-7SEV5AO7R6D2HRQXL5R6W355VC9E92,元宝,0,10000,,1,False,False,50
50-Q5MAJG2CO7KT6FPKJVBQ07C6L07YUV,元宝,0,10000,,1,False,False,50
50-WE9094AI4Z1Q41T1U8L6600X07HJ0X,元宝,0,10000,,1,False,False,50
50-CJG97HCYQFK6G1SWE1R2E068VN3IUG,元宝,0,10000,,1,False,False,50
50-J6N51D88J4BQ9LW7TC5384RX807T2B,元宝,0,10000,,1,False,False,50
50-31D4KX63C59K9F2WD0T0QO0148CIPY,元宝,0,10000,,1,False,False,50
50-Q9RVX5HPGZ42J323IVQ524E9OGRM87,元宝,0,10000,,1,False,False,50
50-L90MR34UA2Q705D2I9WRSWNM273L5L,元宝,0,10000,,1,False,False,50
50-M6G5372XC96UBM0560F4KA66FHKB5Z,元宝,0,10000,,1,False,False,50
50-G88D899NH66W7OS1396ZC00O048A50,元宝,0,10000,,1,False,False,50
50-04W3JJJPJOYQ442I40GO35OM6QM2FO,元宝,0,10000,,1,False,False,50
50-0910HCXH2NWCRGJV1JVJ50F6Z458J1,元宝,0,10000,,1,False,False,50
50-0U4290XSK3E0PN4W4L26OVA9H0YCWC,元宝,0,10000,,1,False,False,50
50-06D8835VE1RX284O20NC81V2189Q41,元宝,0,10000,,1,False,False,50
50-FF2BS981U35Y0SUZO691H73I76457I,元宝,0,10000,,1,False,False,50
50-WP35MMY591M7ZJI93GJP5BYSNA988E,元宝,0,10000,,1,False,False,50
50-26GVC1P05NDV2LI6Q3HZB2409E021W,元宝,0,10000,,1,False,False,50
50-742809491V3PNPC92BD5Y51BX8I76Q,元宝,0,10000,,1,False,False,50
50-3X07006R9METRQRI5UK31NN8UM18XN,元宝,0,10000,,1,False,False,50
50-9ZGKSIYEC85QK6V68PP3UR9LE0WP8G,元宝,0,10000,,1,False,False,50
50-P3KV00E4XRF40906ZO93M64183ZGZ2,元宝,0,10000,,1,False,False,50
50-IW7M9LG7A162LNZIYN2P0S38B79QTV,元宝,0,10000,,1,False,False,50
50-8690304I7A4U9K0XL5EM2I51TND401,元宝,0,10000,,1,False,False,50
50-NJS59921R3E3NP06V4803E14JFYE86,元宝,0,10000,,1,False,False,50
50-VP38JW4XD0P57YE6P635I0K270G4Z8,元宝,0,10000,,1,False,False,50
50-OKNK042C20XTU63D616UQQYG93T650,元宝,0,10000,,1,False,False,50
50-KIPE53I90ZX0U62NXG5PAMJG32FOLP,元宝,0,10000,,1,False,False,50
50-8LO31GD4589IF7QJD94OH6C2560HCO,元宝,0,10000,,1,False,False,50
50-8K37932CNCC20OFA3DGTW2959DF4LM,元宝,0,10000,,1,False,False,50
50-8R1KT8G5JVTXZLPI455K6SSDA7877E,元宝,0,10000,,1,False,False,50
50-GMK0Z58894A8UL796LMTT9A3LTZ416,元宝,0,10000,,1,False,False,50
50-71TXR88S83PMT0K2824I6TT3R1UB5D,元宝,0,10000,,1,False,False,50
50-QJZZNO9SPU0J527C9509CWNOO93184,元宝,0,10000,,1,False,False,50
50-S8C35LVD894178O9332N7RW2TXAD79,元宝,0,10000,,1,False,False,50
50-84Z9FOYHA6TEW29SKR31HL1O2JE77Q,元宝,0,10000,,1,False,False,50
50-9Q62SE31Z6GLOYM5LU3142IY49257O,元宝,0,10000,,1,False,False,50
50-9W8897RC901965LFA689DM8G52DS1O,元宝,0,10000,,1,False,False,50
50-M0P7KTR84K85XLMTH0676G9X4Y4YRO,元宝,0,10000,,1,False,False,50
50-L96K89W403V36020Y2RDAL230F6G06,元宝,0,10000,,1,False,False,50
50-368MSJ8YETCN5F3R30K34R4AUS313T,元宝,0,10000,,1,False,False,50
50-5F95PRYE7NQ059Q0L8PW2647CA8KHY,元宝,0,10000,,1,False,False,50
50-4XED27EFSE2T64Q3XUVR1496H5379Z,元宝,0,10000,,1,False,False,50
50-880YHT3028B4A89B64B069374D7454,金币,10000,0,,1,False,False,100
50-4K35LRSJ853R7MN81O437J2A09155F,元宝,0,100,,1,False,True,200
50-N79VS5WQPPFP795J2YZRO012XC9S90,物品,0,0,回城卷,10,True,False,300
VIPWY3FHF,元宝,0,100,,1,True,False,10
VIPLY58N9,元宝,0,100,,1,True,False,10
VIPQ8YZ94,元宝,0,100,,1,True,False,10
